{
  "balance": 10000.0,
  "risk_amount": 200.0,
  "risk_pct": 2.0,
  "stop_loss_pct": 1.5,
  "leverage": 10,
  "position_size": 13333.333333333334,
  "margin": 1333.3333333333335,
  "margin_pct": 13.333333333333336,
  "liquidation_pct": 10.0
}
