{
  "balance": 10000.0,
  "risk_amount": 200.0,
  "risk_pct": 2.0,
  "stop_loss_pct": 1.5,
  "leverage": 100,
  "position_size": 13333.333333333334,
  "margin": 133.33333333333334,
  "margin_pct": 1.3333333333333335,
  "liquidation_pct": 1.0
}
