{
  "timestamp": "2026-03-12T08:01:12.770100",
  "usdt_balance": 14.437460389878721,
  "initial_capital": 500,
  "current_capital": 14.437460389878721,
  "pnl": -485.5625396101213,
  "pnl_pct": -97.11250792202426,
  "mode": "实盘"
}